Name,strength,dose form,Packaging,Container
Halothane,,inhalation,,
Isoflurane,,inhalation,,
nitrous oxide,,medical gas,,
oxygen,,medicinal gas,,
oxygen,,inhalation,,
Atracurium,10 mg/mL,injection,5mL,ampoule
Fentanyl,0.05 mg/ml,injection,10 mL,
Ketamine HCL,50 mg/mL,injection,10mL,ampoule
Morphine Sulphate,2 mg/mL,injection,50 mL,vial
Neostigmine,2.5 mg/mL,injection,1 mL,ampoule
Pethidine,50 mg/mL,injection,2 mL,ampoule
Propofol,2%,injection,50 mL,ampoule
Suxamethonium,50 mg/mL,injection,2 mL,ampoule
Thiopentone sodium,0.5 g,injection,,vial
Vecuronium,10 mg,injection,,vial
Lignocaine HCL,1%,injection,25 ml,vial
Lignocaine HCL + adrenaline,2% + 1/80000,dental cartridges,2.2 mL,
Lignocaine HCL + glucose,5%/7.5%,injection,,
Lignocaine HCL,2%,gel,30 g,tube
Lignocaine HCL,2%,injection,20 mL,vial
Lignocaine HCL,2%,spray,,
Bupivacaine (heavy) + glucose,5 mg + 80 mg/mL,injection,4 mL,ampoule
Bupivacaine,2.5mg/mL,injection,10 mL,ampoule
Ropivacaine,7.5mg/mL,injection,10 mL,ampoule
Amiodarone,30 mg/mL,injection,10 mL,
Atropine sulphate,0.6 mg/mL,injection,1 mL,ampoule
Diazepam,5 mg/mL,injection,1 mL,ampoule
Diazepam,5 mg,tablet,,
Dobutamine,12.5 mg/mL,injection,20 mL,ampoule
Ephedrine,30 mg/mL,injection,1 mL,ampoule
Epinephrine,0.1 mg/mL,injection,10 mL,ampoule
Lorazepam,4 mg/mL,injection,,
Metoclopramide,5 mg/mL,injection,2 mL,ampoule
Midazolam,1 mg/mL,injection,2 mL,ampoule
Morphine Sulphate,15 mg/mL,injection,1 mL,ampoule
Morphine Sulphate,10 mg,tablet,,
Morphine Sulphate,10 mg,slow-release tablet,,
Nitro glycerine,0.3 mg,tablet,,
Pethidine HCL,50 mg/mL,injection,2 mL,ampoule
Phenylephrine,10 mg/mL,injection,1 mL,ampoule
Promethazine,25 mg,tablet,,
Promethazine HCL,5 mg/5 mL,elixir,,
Promethazine HCL,1 mg/mL,elixir,,
Promethazine HCL,25 mg/mL,injection,2 mL,ampoule
Sodium citrate,300 mmol/L,oral solution,,
Aspirin,300 mg,tablet,,
Diclofenac sodium,50 mg,tablet,,
Ibuprofen,200 mg,tablet,,
Indomethacin,25 mg,tablet,,
Mefenamic acid,250 mg,capsule,,
Paracetamol,125 mg/ml,elixir,,
Paracetamol,500 mg,tablet,,
Tranexamic acid,500 mg,tablet,,
Codeine Phosphate,15 mg,tablet,,
Dihydrocodeine tartrate,30 mg,tablet,,
Morphine Sulphate,10 mg/ml,strong solution,,
Morphine Sulphate,5 mg/5 mL,weak solution,,
Morphine Sulphate,1 mg/mL,weak solution,,
Naloxone HCL,0.02mg/mL,injection,2 mL,ampoule
Tramadol,50 mg,capsule,,
Amitryptiline,25 mg,tablet,,
Baclofen,5 mg,tablet,,
Bisacodyl,5 mg,tablet,,
Bupivacaine,1 mg/ml,injection,,ampoule
Carbamazepine,100 mg/5 ml,liquid,,
Carbamazepine,20 mg/ml,liquid,,
Chlopromazine,25 mg,tablet,,
Dexamethasone,4 mg/ml,injection,1 ml,ampoule
Dexamethasone,0.5 mg,tablet,,
Diazepam,5 mg/ml,injection,,
Haloperidol,0.5 mg,tablet,,
Hyoscine Hydrobromide,0.4 mg/ml,injection,,
Lactulose,3.1-3.7 g/5 ml,liquid,,
Metoclopramide,10 mg,tablet,,
Phenytoin,100 mg,tablet,,
Prednisolone,5 mg,tablet,,
Senna,7.5 mg/5 ml,liquid,,
Gabapentine,100 mg,capsule,,
Gabapentine,600 mg,tablet,,
Betamethasone,0.5 mg,tablet,,
Cetrizine,10 mg,tablet,,
Chlorpheniramine maleate,4 mg,tablet,,
Chlorpheniramine maleate,10 mg/ml,injection,,ampoule
Betamethasone dipropionate,0.05 mg/spray,nasal spray,,
Oxymetazoline hydrochloride,0.10%,nasal drops,,
Activated charcoal,,powder,,
Atropine sulphate,0.06 mg/mL,injection,1 ML,ampoule
Acetycysteine,200 mg/mL,injection,10 mL,ampoule
Darrows Half strength,,i/v infusion,1 L,
Desferrioxamine,500 mg,injection,,vial
Dextrose,5%,i/v infusion,1 L,
Ipecacuanha,,emetic mixture,,
Pralidoxime mesylate,200 mg/mL,injection,5 mL,ampoule
Sodium bicarbonate,600 mg,tablet,,
Sodium chloride,0.90%,I/v infusion,1 L,
Carbamazepine,200 mg,tablet,,
Diazepam,5 mg/mL,injection,2 mL,ampoule
Ethosuximide,250 mg,capsule,,
Magnesium sulphate,500 mg/m,injection,2 mL,ampoule
Paradehyde,,injection,10 mL,ampoule
Phenobarbitone sodium,30 mg,tablet,,
Phenobarbitone sodium,200 mg/mL,injection,1 mL,ampoule
Pheytoin sodium,100 mg,tablet,,
Phenytoin sodium,50 mg/ml,injection,,ampoule
Sodium valproate,200 mg,tablet,,
Albendazole,200 mg,tablet,,
Mebendazole,500 mg,tablet,,
Niclosamide,500 mg,tablet,,
Niclosamide,500 mg,chewable tablet,,
Ivermectin,6 mg,tablet,,
Praziquantel,600 mg,tablet,,
Amoxycillin,250 mg,capsule,,
Amoxycillin,125 mg/5 mL,elixir,,
Amoxycillin,25 mg/mL,elixir,,
Amoxycillin,250 mg,tablet,,
Amoxycillin/clavulanic acid,500/125 mg,tablet,,
Ampicillin sodium,250 mg,injection,,vial
Benzathine/Benzylpenicillin,1.44 g,injection,,vial
Benzylpenicillin,4 g,injection,,vial
Cefotaxime,500 mg,injection,,
ceftazidime,1 g,injection,,vial
ceftriaxone,1 g,injection,,
Cephalexin,250 mg,capsule,,
Cloxacillin,250 mg,capsule,,
Flucloxacillin,250 mg,capsule,,
Flucloxacillin,125 mg/5 mL,elixir,,
Flucloxacillin,25 mg/mL,elixir,,
Flucloxacillin,250 mg,injection,,vial
Imipenem,500 mg,injection,,
Imipenem/Cilastatin,250 mg/250 mg,injection,,
Meropenem,500 mg,injection,,vial
Piperacillin/Tazobactam,4 g/500 mg,injection,,vial
Procaine penicillin,4.8 MU,injection,,vial
Azithromycin,250 mg,capsule,,
Azithromycin,200 mg/5 mL,suspension,,
Azithromycin,40 mg/mL,suspension,,
Chloraphenicol sodium succinate,1 g,injection,,vial
Co-trimoxazole,480 mg,tablet,,
Clarithromycin,500 mg,tablet,,
Clarithromycin,125 mg/5 ml,suspension,,
Clarithromycin,5 mg/ml,suspension,,
Ciprofoxacin,250 mg,tablet,,
Clindamycin,150 mg,capsule,,
Doxycycline,100 mg,tablet,,
Erythromycin,250 mg,tablet,,
Erythromycin ethyl succinate,125 mg/5 mL,suspension,,
Gentamicin,40 mg,injection,,
Gentamicin,10 mg/mL,injection,2 mL,vial
Metronidazole,200 mg,tablet,,
Metronidazole,5 mg/mL,injection,100 mL,vial
Nalidixic Acid,500 mg,tablet,,
Neomycin,500 mg,tablet,,
Nitrofurantonin,50 mg,tablet,,
Nitrofurantonin,25 mg/5 mL,suspension,,
Nitrofurantonin,5 mg/mL,suspension,,
Sodium fusidate,250 mg,tablet,,
Sulphamethoxazole + Trimethoprim,480 mg + 80 mg,,,
Sulphamethoxazole + Trimethoprim,960 mg,,,
Vancomycin,1g,injection,,vial
Vancomycin,250 mg,capsule,,
Clofazimine,50 mg,capsule,,
Dapsone,100 mg,tablet,,
Rifampicin,150 mg,capsule,,
Amikacin,1 g,injection,,vial
Capreomycin,1 g,injection,,vial
Cycloserine,250 mg,tablet,,
Ethambutol HCL,400 mg,tablet,,
Ethionamide,250 mg,tablet,,
Isoniazid + ethambutol,150mg + 400mg,tablet,,
Isoniazid,100 mg,tablet,,
Kanamycin,1 g,injection,,vial
Levofloxacin,250 mg,tablet,,
Moxifloxacin,400 mg,tablet,,
Pyrazinamide,400 mg,tablet,,
Pyrazinamide Ethambutol,400 mg + 275 mg,,,
RHZE,150mg/75mg/400mg/275mg,tablet,,
RHZE,150mg+75mg+400mg+275mg,tablet,,
Rifampicin + isoniazid,100 mg + 50 mg,tablet,,
Rifampicin + isoniazid,150 mg + 75 mg,tablet,,
Streptomycin sulphate,5 g,injection,,vial
RHZ + E100,60mg + 30mg + 150mg,tablet,,
RH,60mg + 60mg,tablet,,
Amphotericin B,50 mg,injection,,vial
Clotrimazole,100 mg,vaginal tablet,,
Fluconazole,250 mg,capsule,,
Fluconazole,2 mg/mL,i/v infusion,25 mL,
Fluconazole,50 mg/ml,oral liquid,,
Gentian violet,0.50%,aqueous paint,500 mL,
Griseofulvin,125 mg,tablet,,
Nystatin,,pessary,,
Ketoconazole,200 mg,tablet,,
Ketoconazole,100 mg/5 mL,suspension,,
Ketoconazole,20 mg/mL,suspension,,
Miconazole Nitrate,200 mg,vaginal tablet,,
Acyclovir,200 mg,tablet,,
Acyclovir,5%,cream,10 g,
Ganciclovir,500 mg,injection,,
Ganciclovir,500 mg,tablet,,
Abacavir,300 mg,tablet,,
Didanosine,50 mg,tablet,,
Lamivudine,150 mg,tablet,,
Tenofovir,300 mg,tablet,,
Zidovudine,300 mg,tablet,,
Zidovudine,50mg/5ml,syrup,,
Zidovudine,10mg/ml,syrup,,
Efavirenz,600 mg,tablet,,
Nevirapine,200 mg,tablet,,
Nevirapine,50 mg/5ml,suspension,,
Nevirapine,10 mg/ml,suspension,,
Lopinavir + Ritonavir,200 mg + 50 mg,tablet,,
Stavudine + Lamivudine + Nevirapine,30 mg + 150 mg + 200 mg,tablet,,
Stavudine + Lamivudine + Nevirapine,300 mg + 150 mg + 200 mg,tablet,,
Zidovudine + Lamivudine + Nevirapine,300 mg + 150 mg + 200 mg,tablet,,
Zidovudine + Lamivudine,300 mg + 150 mg,tablet,,
Stavudine + Lamivudine,30 mg + 150 mg,tablet,,
Stavudine + Lamivudine,6 mg + 30 mg,tablet,,
TenofovirDisoproxilFumarate + Lamivudine + Efavirenz,300 mg + 300 mg + 600 mg,tablet,,
TenofovirDisoproxilFumarate + Lamivudine,300 mg + 300 mg,tablet,,
Atazanavir / Ritonavir,300 mg + 100 mg,tablet,,
Abacavir/Lamivudine,600 mg + 300 mg,tablet,,
Abacavir/Lamivudine,60 mg + 30 mg,tablet,,
Efavirenz,200 mg,tablet,,
Lopinavir/Ritonavir,80/20mg,suspension,60 ml,
Lopinavir/Ritonavir,100+25 mg,tablet,,
Nevirapine,10 mg/ml,suspension,25 ml,syringe
Nevirapine,10 mg/ml,suspension,100 ml,syringe
Nevirapine,50 mg,tablet,,
Nevirapine (AZT + 3TC + NVP),,,,
Zidovudine + Lamivudine,60+30+50 mg,tablet,,
Zidovudine + Lamivudine (AZT + 3TC),60 + 30 mg,tablet,,
Metronidazole,200 mg/ml,suspension,,
Fluconazole,200 mg,tablet,,
Artemether + Lumefantrine,20 mg + 120mg,tablet,,
Artesunate + Amodiaquine,25 mg + 67.5mg,tablet,,
Artesunate + Amodiaquine,50 mg + 135 mg,tablet,,
Artesunate + Amodiaquine,100 mg + 270 mg,tablet,,
Artesunate Bicarbonate,60 mg,injection,,vial
Artesunate Rectal,50 mg,Suppository,,
Artesunate Rectal,100 mg,Suppository,,
Artesunate Rectal,400 mg,Suppository,,
Halofantrine,100 mg/5 mL,suspension,,
Halofantrine,20 mg/mL,suspension,,
Quinine dihydrochloride,300 mg/mL,injection,2 mL,ampoule
Quinine sulphate,300 mg,tablet,,
Sulphadoxine + pyrimethamine,25 mg + 500 mg,tablet,,
Proguanil HCL,100 mg,tablet,,
Mefloquine hydrochloride,250 mg,tablet,,
Melarsoprol B,3.60%,Injectable solution,5 mL,ampoule
Suramin sodium,1 g,injection,,vial
Amitriptyline,25 mg,tablet,,
Propranolol HCL,40 mg,tablet,,
Azathioprine,50 mg,injection,,vial
Azathioprine,50 mg,tablet,,
Cyclosporin,25 mg,capsule,,
Cyclosporin,100 mg,capsule,,
Actinomycin D,500 microgram,injection,,vial
Adriamycin,50 mg,injection,,vial
Bleomycin,15 IU,injection,,vial
Busulphan,2 mg,tablet,,
Carboplatin,50mg/5ml,injection,5 Ml,
Chlorambucil,2 mg,tablet,,
Cisplatin,50 mg/50 ml,injection,50 ml,bottle
Cyclophosphamide,50 mg,tablet,,
Cyclophosphamide,200 mg,injection,,vial
Cytarabine,100mg/mL,injection,5 mL,
Darcabazine,100mg/mL,injection,200 mg,vial
Etoposide,20 mg/ml,injection,5 ml,ampoule
Fluorouracil,500 mg/10 ml,injection,,
Hydroxyurea,500 mg,tablet,,
Ifosphamide,1 g,injection,,vial
Leucovorin,10 mg/mL,injection,5 mL,vial
Melphalan,2 mg,tablet,,
Methotrexate,2.5 mg/mL,injection,1 mL,ampoule
Methotrexate,2.5 mg,tablet,,
Paclitaxel,300 mg/50 ml,injection,,vial
Procarbizine,50 mg,capsule,,
Taxotere (Docetaxel),40 mg/ml,injection,2 ml,vial
Vinblastine,1 mg/mL,injection,10 mL,vial
Vincristine sulphate,1 mg,injection,,vial
Anastrazole,1 mg,tablet,,
Bicalutamide,50 mg,tablet,,
Fludrocortisone,50 mg,tablet,,
Tamoxifen,40 mg,tablet,,
Tamoxifen,10 mg/5 ml,suspension,,
Benzhexol HCL,5 mg,tablet,,
Bromocriptine,2.5 mg,tablet,,
Biperiden,2 mg,tablet,,
Levodopa + carbidopa,250 mg + 25 mg,tablet,,
Orphenadrine,50 mg,tablet,,
Ferrous sulphate + folic acid,200 mg + 0.5 mg,tablet,,
Ferrous sulphate,60 mg/5 mL,mixture,,
Folic acid,5 mg,tablet,,
Hydroxocobalamin,1 mg/mL,injection,1 mL,ampoule
Iron Sorbitol,5 % (50 mg/mL),injection,2 mL,ampoule
Heparin Sodium,5000 IU/mL,injection,5 mL,vial
Phytomenadione,1 mg/0.5 mL,injection,,ampoule
Phytomenadione,10 mg/mL,injection,1 mL,ampoule
Protamine sulphate,10 mg/mL,injection,1 mL,ampoule
Tranexamic acid,250 mg,tablet,,
Warfarin sodium,1 mg,tablet,,
Warfarin sodium,5 mg,tablet,,
Potassium binding resin powder,,,,
Cryoprecipitate,30-40 mls,,,
fresh frozen plasma,200-300 mls,,,
random donor platelet concentrates,50 -70 mls,,,
red cell suspensions adult,280-420 mls,,,
red cell suspensions paediatric,100-200 mls,,,
whole blood adult,450 mls,,,
whole blood paediatric,100-225 mls,,,
Factor viii,,,,
Factor ix,,,,
Erythropoietin,,,,
IV Iron,,,,
Gelatin,500 mL,i/v infusion,,
Glyceryltrinitrate,500 micrograms,tablet,,
Isosorbidednitrate,10 mg,tablet,,
Nifedipine,10 mg,capsule,,
Nifedipine,20 mg,slow-release tablet,,
Lignocaine HCL,1%,injection,25 mL,vial
Verapamil,40 mg,tablet,,
Verapami,40 mg,tablet,,
Amlodipine,5 mg,tablet,,
Atenolol,50 mg,tablet,,
Atenolol,100 mg,tablet,,
Captopril,12.5 mg,tablet,,
Enalapril,2.5 mg,tablet,,
Enalapril,5 mg,tablet,,
Hydralazine HCL,20 mg,injection,,ampoule
Hydralazine HCL,25 mg,tablet,,
Hydrochlorothiazide,25 mg,tablet,,
Methyldopa,250 mg,tablet,,
Nimodipine,30 mg,tablet,,
Nimodipine,0.2 mg/ml,injection,,ampoule
Prazosin,1 mg,tablet,,
Reserpine,250 micrograms,tablet,,
Reserpine,1 mg/mL,injection,1 mL,ampoule
Digoxin,250 micrograms,tablet,,
Digoxin,0.25 mg/mL,injection,2 mL,ampoule
Digoxin,62.5 micrograms,tablet,,
Digoxin,0.05 mg/mL,elixir,,
Dopamine,40 mg/ml,injection,5 ml,vial
Epinephrine,0.001 mg/ml,injection,10 ml,ampoule
Frusemide,40 mg,tablet,,
Furosemide,10 mg/ml,injection,5 ml,ampoule
isosorbidedinitrate,10 mg,tablet,,
Metoclopramide,5 mg/ml,injection,2 ml,ampoule
Metolazone,5 mg,tablet,,
Morphine,1 mg/ml,injection,2 ml,ampoule
Spironolactone,25 mg,tablet,,
Acetylsalicyclic acid,100 mg,tablet,,
Simvastatin,40 mg,tablet,,
Dopamine HCL,40 mg/mL,injection,5 mL,ampoule
Ephedrine sulphate,30 mg/mL,injection,1 mL,ampoule
Methoxamine HCL,20 mg/mL,injection,1 mL,ampoule
Benzoic acid + salicyclic acid,6% + 3%,ointment,500 g,
Clotrimazole,1%,cream,20g,
Econazole,1%,cream,30 g,
Sodium Thiosulphate,10%,aqueous lotion,500 mL,
Miconazole,2%,cream,30 g,
Calamine lotion + sulphur 2%,,aqueous lotion,500 mL,
Chloherxidinedicluconate,0.20%,solution,500 ml,
Gentian violet,0.50%,aqueous paint,500 ml,
Hydrogen peroxide,,solution,500 mL,
Iodine,,weak solution,500 mL,
Potassium permanganate,3%,solution,500 mL,
Povidone iodine,10%,solution,500 ml,
Salicylic acid + sulphur,5% + 5%,ointment,500 g,
Silver sulphadiazine,1%,cream,500 g,
Zinc ointment + sulphur 5%,,ointment,500 g,
Zinc paste compound + Sulphur 5%,,paste,500 g,
Hydrocortisone,1%,ointment,15 g,
Betamethasone  (asvalerate),0.15,ointment,15 g,
Calamine,,aqueous lotion,500 mL,
Clobetasol propionate,0.05%,ointment,30 g,
Benzoyl peroxide,5%,gel,30 g,
Crude coal tar,10%,ointment,500 g,
Dithranol 0.5% in zinc + salicylic acid ,,paste,500 g,
Podophyllum resin,15%,alcoholic paint,20 mL,
Salicylic acid 5% (in alcohol 70%),,lotion,500 mL,
Salicylic acid,10%,ointment,500 g,
Salicylic acid 20% (in YSP base),,ointment,500g,
Salicylic acid 2% + coal ar solution 15% + sulphur 2%,,Shampoo,500 mL,
Salicylic acid,12%,collodion,,
Salicylic acid + crude coal tar 5%,,ointment,500 g,
Zinc paste compound + crude coal tar,,paste,500 g,
Benzyl benzoate,25%,application,500 mL,
Lindane,,cream,,
Lindane,1%,lotion,,
Emulsifying ointment,,,500 g,
Ethyl Chloride,3%,Spray,,
Silver nitrate,40%,pencil toughened,,
Yellow soft paraffin,,ointment,500 g,
Zinc oxide (in EO base),15%,ointment,500 g,
Fluorescein sodium,1%,eye drops,,
Barium sulphate,98%,oral suspension,340 g,
Barium sulphate,21%,oral suspension,,bottle
Barium sulphate,40%,suspension,,kit
Barium sulphate,93%,enema,400 g,
Effervescent agent (carbex),,granules,25 g,sachet
Effervescent agent (carbex),,oral solution,,bottle
Feridex (Ferumoxide),,,,
Gastrografin,,oral suspension,100 g,
Gastrografin,,rectal suspension,100 g,
GoLYTELY,,electrolyte solution,,
Magnevist,0.5 mmol/mL,injection,100 mL,vial
ProHance,,,,
Resolvist,,,,
NulLytely electrolyte solution,,,,
Urografin (sodium amidotrizoate + meglumineamidotrizoate),60%,injection,8 g,
Urografin (sodium amidotrizoate),,,10 g,
Ultravist (iopromide 300 mg/mL),,injection,,
Ultravist  (iopromide 370 mg/mL),,injection,,
Visipaque (lodixanol 625 mg/mL),,injection,,
Xenetix (lobitridol 250 mg iodine/mL),,injection,,
Xenetix (lobitridol 300 mg iodine/mL),,injection,,
Xenetix (lobitridol 350 mg iodine/mL),,injection,,
Cetrimide + chlorhexidine,15% + 1.5%,solution,,bottle
Black disinfectant,,solution,,
Glutaraldhyde,2%,solution,,
Povidone Iodine,10%,solution,500 mg,bottle
Benrofluazide,5 mg,tablet,,
Furosemide,40 mg,tablet,,
Furosemide,10 mg/mL,injection,2 mL,ampoule
Mannitol,20%,injection,250 mL,bottle
Cimetidine,400 mg,tablet,,
Bismuth Chelate,120 mg/5 mL,liquid,560 mL,
Magnesium trisilicate,,tablet,,
Omeprazole,10 mg,tablet,,
Ranitidine,150 mg,tablet,,
Cyclizine,25 mg,tablet,,
Metoclopramide HCL,5 mg/mL,injection, 2 mL,ampoule
Promethazine HCL,25 mg,tablet,,
Prochlorperazine,5 mg,tablet,,
Hydrocortisone,50 mg/ml,injection,2 ml,vial
Glycerol,2 g,Suppository,,
Lactulose,3.1 mg/5ml,solution,,
Liquid paraffin,,solution,,
Oral rehydration salts (ORS),,,,
ReSoMal,,,,
Zinc,20 mg,tablet,,
Codeine phosphate,15 mg,tablet,,
Loperamide HCL,2 mg,tablet,,
Bismuth subgallate co.,5 g,Suppository,,
Hyoscinebutylbromide,20 mg/mL,injection,1 mL,ampoule
Dexamethasone,5 mg/mL,injection,5 mL,vial
Dexamethasone,500 micrograms,tablet,,
Hydrocortisone,50 mg/mL,injection,2 mL,ampoule
Hydrocortisone,50 mg/mL,i/v infusion,2 mL,ampoule
Hydrocortisone acetate,20 mg,tablet,,
Hydrocortisone acetate,25 mg/mL,injection,5 mL,vial
Hydrocortisone acetate,25 mg/mL,aqueous suspension,5 mL,vial
Levonorgestrel,75 mg,surgical implant,,
Levonorgestrel,750 mcg,tablet,,
Norgestrel + ethinylestradiol,0.3 mg + 0.03 mg,tablet,,
Norgestrel,0.75 mg,tablet,,
Medroxyprogesterone acetate,150 mg/mL,injectable aqueous solution,10 mL,vial
Copper containing IUD,176 mg,wire,,
Female condoms,,,,
Male condoms,,,,
Levonorgestrel-releasing implant,75 mg,rod,,
Oestrogens,625 micrograms,tablet,,
Glibenclamide,5 mg,tablet,,
Gliclazide,80 mg,tablet,,
"Insulin, soluble",100 IU/mL,injection,10 mL,vial
Insulin zinc suspension,100 IU/mL,injection,10 mL,vial
Metformin HCL,500 mg,tablet,,
Metformin HCL,850 mg,tablet,,
Clomiphene citrate,50 mg,tablet,,
Norethisterone,5 mg,tablet,,
Iodine,,oral aqueous solution,30 mL,
Carbimazole,5 mg,tablet,,
Thyroxine sodium,100 micrograms,tablet,,
Levothyroxine,0.05 mg/mL,tablet,,
Tuberculin purified protein derivative (PPD),,Injectable solution,1 mL,ampoule
Anti D Immunoglobulin,0.25 mg/mL,injection,1 mL,ampoule
Antirabies serum,30 IU/ml,injection,1 ml,vial
Diphtheria antitoxin,20000 IU/vial,injection,,
Tetanus antitoxin,20000 IU/vial,injection,,
Tetanus antitoxin,1500 IU/Vial,injection,,
Diphtheria-pertissis-tetanus (DPT) vaccine,,injection,10 mL,vial
BCG vaccine,,injection,,vial
Measles live vaccine,,injection,5 mL,vial
Poliomyelitis vaccine live,,oral suspension,,dispenser
Tetanus toxoid vaccine,,injection,10 mL,vial
Pentavalent vaccine,,injection,,vial
Pneumococcal conjugate vaccine,,injection,0.5 mL,syringe
Rotavirus vaccine,,injection,,
Polyvalent snake antivenom,,injection,,
Rabies vaccine,,injection,0.5 mL,vial
Yellow fever vaccine,,injection,,vial
Alcuronium chloride,5 mg/mL,injection,2 mL,ampoule
Edrophonium chloride,10 mg/mL,injection,1 mL,ampoule
Neostigmine methylsulphate,2.5 mg/mL,injection,1 mL,
Suxamethonum chloride,50 mg/mL,injection,2 mL,ampoule
Vecuronium bromide,,injection,10 mg,vial
Acyclovir,400 mg,tablet,,
Acyclovir,3%,ointment,4.5g,
Amphotericin B,0.15%,eye drops,,
Econazole,1%,eye ointment,,
Erythromycin,0.50%,eye ointment,,
Foscarnet,24 mg/ml,injection,250 ml,bottle
Gentamicin,0.30%,eye drops,5 mL,
ldoxuridine,0.10%,eye drops,,
Miconazole,1%,eye drops,10 mL,
Natamycin,5%,ophthalamic suspension,,
Tetracycline HCl,1%,eye ointment,3.5 g,tube
Dexamethasone,0.10%,eye drops,5 mL,
Emadastine,0.05%,eye drops,5 ml,
Fluoromethalone,0.10%,eye drops,5 ml,
Flucinoloneacetonide ,0.59 mg,implant,,
Ketotifen,0.025 ml,eye drops,,
Methylprednisolone acetate ,40 mg/mL,injection,2 mL,vial
Nedocromil,2%,eye drops,5 ml,
Prednisolone,0.50%,eye drops,5 ml,
Triamcinolone acetonide,40 mg/ml,injection,1 ml,vial
Amethocaine HCL,1%,eye drops,10 mL,
Acetazolamide,250 mg,tablet,,
Acetazolamide,500 mg,injection,,vial
Bimatroprost,0.03%,eye drops,3 ml,
Brinzolamide,1%,eye drops,5 ml,
Betaxolol,0.25%,eye drops,0.25 ml,
Brimonidine,0.20%,eye drops,5 ml,
Dorzolamide,2%,eye drops,5 ml,
Glycerol,50%,oral solution,,
Latanoprost,0.01%,eye drops,2.5 ml,
Pilocarpine HCL,1%,eye drops,10 mL,
Timolol maleate,0.25%,eye drops,5 mL,
Travoprost,0.00%,eye drops,2.5 ml,
Atropine sulphate,0.50%,eye ointment,3.5 g,
Cyclopentolate HCL,0.50%,eye drops,5 mL,
Tropicamide,0.50%,eye drops,5 mL,
Phenylephrine,2.50%,eye drops,,
Phenylephrine,10%,eye drops,10 ml,
Ascorbic acid,200 mg,tablet,,
Carmellose,0.50%,eye drops,10 ml,
Sodium ascorbate,10%,eye drops,,
Dinoprostone,0.2 mg/mL,vaginal gel,2.5 mL,
Dinoprostone,3 mg,vaginal tablet,,
Ergometrine maleate,500 microgram,injection,,
Misoprostol,200 micrograms,tablet,,
Oxytocin,10 IU/mL,injection,1 mL,ampoule
Nifedipine,10 mg,tablet,,
Salbutamol sulphate,4 mg,tablet,,
Salbutamol sulphate,1 mg/mL,injection,5 mL,ampoule
Magnesium sulphate,500 mg/mL,injection,2 mL,ampoule
Amoxycillin,500 mg,tablet,,
Metronidazole,200 mg,tablet,2 mL,vial
Dineal + dextrose,1.50%,intraperitoneal dialysis solution,1 L,bottle
Dineal + dextrose,4.25%,intraperitoneal dialysis solution,1 L,bottle
Chlorpramazine HCL,100 mg,tablet,,
Chlorpramazine HCL,25 mg/mL,injection,2 mL,ampoule
Chlorpramazine HCL,25 mg,tablet,,
Fluphenazinedecanoate,25 mg/mL,injection,2 mL,ampoule
Fluoxentine,20 mg,capsule,,
Fluoxentine,10 mg,tablet,,
Haloperidol,1.5 mg,tablet,,
Haloperidol,5 mg,tablet,,
Haloperidol decanoate,50 mg/mL,injection,1 mL,ampoule
Risperidone ,0.5 mg,tablet,,
Risperidone ,1 mg,tablet,,
Risperidone ,2 mg,tablet,,
Sodium valproate,100 mg,tablet,,
Sodium valproate,500 mg,tablet,,
Amitriptyline HCL,25 mg,tablet,,
Amitriptyline HCL,10 mg/mL,injection,,
Fluoxetine,20 mg,tablet,,
Chlordiazepoxide  hydrochloride ,5 mg,capsule,,
Chlordiazepoxide  hydrochloride ,10 mg,capsule,,
Chlordiazepoxide  hydrochloride ,25 mg,capsule,,
Lorazepam,1 mg,tablet,,
Fluoxetine,20 mg,capsule,,
Thiamine,100 mg/ml,injection,,
Benzhexol,5 mg,tablet,,
Procyclidine HCL,5 mg/mL,injection,2 mL,ampoule
Procyclidine HCL,5 mg,tablet,,
Aminophylline,100 mg,tablet,,
Adrenaline,1/1000,injection,1 mL,ampoule
Aminophylline,25 mg/mL,injection,10 mL,ampoule
Beclomethasone Diproprionate,50 mcg/dose,aerosol inhalation,,
Salbutamol sulphate,100 mcg/dose,aerosol inhalation,,
Salbutamol sulphate,1 mg/mL,respirator solution,,
Sodium cromoglycate,20 mg,spincap,,
Theophylline,250 mg,tablet,,
Oral rehydration salts (ORS),,powder,,sachet
Potassium chloride,600 mg,tablet,,
Dextrose Normal Saline,0.9% NaCL + 5% dextrose,i/v infusion,1 L,pack
Glucose (dextrose),50%,injection,20 mL,ampoule
Glucose (dextrose),5%,i/v infusion,1 L,pack
Glucose (dextrose),10%,i/v infusion,100 L,pack
Sodium lactate comp,,i/v infusion,1 L,pack
water for injections,,,10 mL,ampoule
Potassium chloride,20%,injection,10 mL,ampoule
Sodium bicarbonate,4%,injection,50 mL,vial
Sodium chloride,0.90%,i/v infusion,1 L,pack
Sodium lactate + glucose,,i/v infusion,1 L,pack
Sodium lactate + glucose,,i/v infusion,200 mL,
Vitamin A,,capsule,,
Vitamin b Co. strong,,tablet,,
Nicotinamide,50 mg,tablet,,
Pyridoxine HCL,20 mg,tablet,,
Thiamine,100 mg/mll,injection,,
"Vitamins, multiple",,syrup,,
"Vitamins, multiple",,tablet,,
calcium gluconate,500 mg,tablet,,
"Vitamins, multiple",,injection,10 mL,ampoule
"Vitamins, multiple",,i/v infusion,,
Calciferol,,tablet,,
calcium gluconate,10%,injection,10 mL,ampoule
Vitamin B12,0.005 mg,tablet,,
Vitamin K,10 mg,tablet,,
Vitamin K,10 mg/ml,injection,1 mL,ampoule
Acetic acid,2%,ear drops,,
Ampicillin,250 mg,capsule,,
Betamethasone,0.15,ointment,15 g,
Beclomethasone Diproprionate,,nasal spray,,
Ciproflaxacin,,ear drops,,
Chloramphenicol,5%,ear drops,10 mL,
Ceftriaxone,1 g,injection,,
Hydrocortisone,1%,ointment,15 mg,
Nystatin,,oral suspension,,
Chlorhexidine digluconate,7.10%,solution,,
Betamethasone sodium phosphate,4 mg/ml,injection,1 ml,ampoule
Dexamethasone,4 mg/ml,injection,2 ml,vial
Allopurinol,100 mg,tablet,,
Colchicine,500 micrograms,tablet,,
Benzylpenicillin,,injection,4 g,vial
Cotrimoxazole,480 mg,tablet,,
Ciprofloxacillin,250 mg,tablet,,
Ciprofloxacillin,500 mg,tablet,,
Dextrose 50%,,injection,50 mL,
Floic Acid,5 mg,tablet,,
Gentamycin,40 mg,injection,2 mL,vial
Iron + Folic Acid,200 mg,tablet,,
ReSoMal,,powder,,
Vitamins multiple,,syrup,,
